version,n,metric,rate,ci_low,ci_high
gate_30,39493,r1,0.3874357481072595,0.3826422458025687,0.39225114638754527
gate_40,40471,r1,0.3844234142966569,0.37969520982038274,0.38917355747255844
gate_30,39493,r7,0.11652697946471527,0.1133997624350113,0.11972878958909845
gate_40,40471,r7,0.11084480245113786,0.1078230599944974,0.11394041418619236
